timestamp,rss_MB,vms_MB
1756244150.5155237,3.39453125,223.1484375
1756244151.516531,3.39453125,223.1484375
1756244152.5175264,3.39453125,223.1484375
1756244153.5185332,3.39453125,223.1484375
1756244154.5195222,3.39453125,223.1484375
1756244155.52053,3.39453125,223.1484375
1756244156.521514,3.39453125,223.1484375
1756244157.5225186,3.39453125,223.1484375
1756244158.5236275,3.39453125,223.1484375
1756244159.5249462,3.39453125,223.1484375
1756244160.525683,3.39453125,223.1484375
1756244161.526595,3.39453125,223.1484375
1756244162.5275183,3.39453125,223.1484375
1756244163.5285408,3.39453125,223.1484375
1756244164.5295641,3.39453125,223.1484375
1756244165.5305514,3.39453125,223.1484375
1756244166.5315278,3.39453125,223.1484375
1756244167.5326009,3.39453125,223.1484375
1756244168.53358,3.39453125,223.1484375
1756244169.5345278,3.39453125,223.1484375
1756244170.535592,3.39453125,223.1484375
1756244171.536559,3.39453125,223.1484375
1756244172.537555,3.39453125,223.1484375
1756244173.538577,3.39453125,223.1484375
1756244174.5395086,3.39453125,223.1484375
1756244175.5405838,3.39453125,223.1484375
1756244176.541561,3.39453125,223.1484375
1756244177.5425441,3.39453125,223.1484375
1756244178.543591,3.39453125,223.1484375
1756244179.5445433,3.39453125,223.1484375
1756244180.5455217,3.39453125,223.1484375
1756244181.5465858,3.39453125,223.1484375
1756244182.5476086,3.39453125,223.1484375
1756244183.5486674,3.39453125,223.1484375
1756244184.5495381,3.39453125,223.1484375
1756244185.5505316,3.39453125,223.1484375
1756244186.5515535,3.39453125,223.1484375
1756244187.552544,3.39453125,223.1484375
1756244188.5535517,3.39453125,223.1484375
1756244189.5545382,3.39453125,223.1484375
1756244190.5556176,3.39453125,223.1484375
1756244191.556603,3.39453125,223.1484375
1756244192.557565,3.39453125,223.1484375
1756244193.5585299,3.39453125,223.1484375
1756244194.5595326,3.39453125,223.1484375
1756244195.5605466,3.39453125,223.1484375
1756244196.5615413,3.39453125,223.1484375
1756244197.562547,3.39453125,223.1484375
1756244198.563533,3.39453125,223.1484375
1756244199.564525,3.39453125,223.1484375
1756244200.5655339,3.39453125,223.1484375
1756244201.5665228,3.39453125,223.1484375
1756244202.5677323,3.39453125,223.1484375
1756244203.5685625,3.39453125,223.1484375
1756244204.5695834,3.39453125,223.1484375
1756244205.5705307,3.39453125,223.1484375
1756244206.5718014,3.39453125,223.1484375
1756244207.5725217,3.39453125,223.1484375
1756244208.573553,3.39453125,223.1484375
1756244209.5746431,3.39453125,223.1484375
1756244210.5755768,3.39453125,223.1484375
1756244211.5765193,3.39453125,223.1484375
1756244212.5776265,3.39453125,223.1484375
1756244213.5785456,3.39453125,223.1484375
1756244214.5795078,3.39453125,223.1484375
1756244215.5805638,3.39453125,223.1484375
1756244216.5815406,3.39453125,223.1484375
1756244217.582549,3.39453125,223.1484375
1756244218.5835671,3.39453125,223.1484375
1756244219.584523,3.39453125,223.1484375
1756244220.5855217,3.39453125,223.1484375
1756244221.5865285,3.39453125,223.1484375
1756244222.5875556,3.39453125,223.1484375
1756244223.5886598,3.39453125,223.1484375
1756244224.589521,3.39453125,223.1484375
1756244225.5905483,3.39453125,223.1484375
1756244226.591579,3.39453125,223.1484375
1756244227.5926037,3.39453125,223.1484375
1756244228.5938478,3.39453125,223.1484375
1756244229.594528,3.39453125,223.1484375
1756244230.5955355,3.39453125,223.1484375
1756244231.5965254,3.39453125,223.1484375
1756244232.5975375,3.39453125,223.1484375
1756244233.5985672,3.39453125,223.1484375
1756244234.5995457,3.39453125,223.1484375
1756244235.6005232,3.39453125,223.1484375
1756244236.6015542,3.39453125,223.1484375
1756244237.6025124,3.39453125,223.1484375
1756244238.603535,3.39453125,223.1484375
1756244239.6045437,3.39453125,223.1484375
1756244240.605742,3.39453125,223.1484375
1756244241.6068153,3.39453125,223.1484375
1756244242.6075816,3.39453125,223.1484375
1756244243.6087198,3.39453125,223.1484375
1756244244.609524,3.39453125,223.1484375
1756244245.6106014,3.39453125,223.1484375
1756244246.6115232,3.39453125,223.1484375
1756244247.6125307,3.39453125,223.1484375
1756244248.6135206,3.39453125,223.1484375
1756244249.6145597,3.39453125,223.1484375
1756244250.6155443,3.39453125,223.1484375
1756244251.6165442,3.39453125,223.1484375
1756244252.6175234,3.39453125,223.1484375
1756244253.6185503,3.39453125,223.1484375
1756244254.6195302,3.39453125,223.1484375
1756244255.6205246,3.39453125,223.1484375
1756244256.6215334,3.39453125,223.1484375
1756244257.6225364,3.39453125,223.1484375
1756244258.6235435,3.39453125,223.1484375
1756244259.6245708,3.39453125,223.1484375
1756244260.625513,3.39453125,223.1484375
1756244261.6265368,3.39453125,223.1484375
1756244262.627812,3.39453125,223.1484375
1756244263.6285315,3.39453125,223.1484375
1756244264.6295586,3.39453125,223.1484375
1756244265.6305938,3.39453125,223.1484375
1756244266.631534,3.39453125,223.1484375
1756244267.632578,3.39453125,223.1484375
1756244268.6336024,3.39453125,223.1484375
1756244269.634549,3.39453125,223.1484375
1756244270.6355546,3.39453125,223.1484375
1756244271.6365335,3.39453125,223.1484375
1756244272.6376328,3.39453125,223.1484375
1756244273.638554,3.39453125,223.1484375
1756244274.6396139,3.39453125,223.1484375
1756244275.6405332,3.39453125,223.1484375
1756244276.6415424,3.39453125,223.1484375
1756244277.6425352,3.39453125,223.1484375
1756244278.6435277,3.39453125,223.1484375
1756244279.644542,3.39453125,223.1484375
1756244280.645663,3.39453125,223.1484375
1756244281.6465626,3.39453125,223.1484375
1756244282.6475234,3.39453125,223.1484375
1756244283.6485336,3.39453125,223.1484375
1756244284.6495264,3.39453125,223.1484375
1756244285.6506503,3.39453125,223.1484375
1756244286.6518106,3.39453125,223.1484375
1756244287.6525474,3.39453125,223.1484375
1756244288.653653,3.39453125,223.1484375
1756244289.6545925,3.39453125,223.1484375
1756244290.6555839,3.39453125,223.1484375
1756244291.656519,3.39453125,223.1484375
1756244292.6575296,3.39453125,223.1484375
1756244293.658542,3.39453125,223.1484375
1756244294.659571,3.39453125,223.1484375
1756244295.6605177,3.39453125,223.1484375
1756244296.661539,3.39453125,223.1484375
1756244297.6625245,3.39453125,223.1484375
1756244298.6636088,3.39453125,223.1484375
1756244299.6645372,3.39453125,223.1484375
1756244300.6655407,3.39453125,223.1484375
1756244301.666519,3.39453125,223.1484375
1756244302.6675475,3.39453125,223.1484375
1756244303.6685512,3.39453125,223.1484375
1756244304.6696541,3.39453125,223.1484375
1756244305.670504,3.39453125,223.1484375
1756244306.6715038,3.39453125,223.1484375
1756244307.6725292,3.39453125,223.1484375
1756244308.6735532,3.39453125,223.1484375
1756244309.6745172,3.39453125,223.1484375
1756244310.675533,3.39453125,223.1484375
1756244311.676532,3.39453125,223.1484375
1756244312.6775208,3.39453125,223.1484375
1756244313.678552,3.39453125,223.1484375
1756244314.6795616,3.39453125,223.1484375
1756244315.6805058,3.39453125,223.1484375
1756244316.6815495,3.39453125,223.1484375
1756244317.6825707,3.39453125,223.1484375
1756244318.6835225,3.39453125,223.1484375
1756244319.684528,3.39453125,223.1484375
1756244320.6855912,3.39453125,223.1484375
1756244321.6865447,3.39453125,223.1484375
1756244322.687524,3.39453125,223.1484375
1756244323.6885347,3.39453125,223.1484375
1756244324.689522,3.39453125,223.1484375
1756244325.6905508,3.39453125,223.1484375
1756244326.6916034,3.39453125,223.1484375
1756244327.6925914,3.39453125,223.1484375
1756244328.693535,3.39453125,223.1484375
1756244329.694581,3.39453125,223.1484375
1756244330.695608,3.39453125,223.1484375
1756244331.6965485,3.39453125,223.1484375
1756244332.6975346,3.39453125,223.1484375
1756244333.698576,3.39453125,223.1484375
1756244334.6995273,3.39453125,223.1484375
1756244335.7005467,3.39453125,223.1484375
1756244336.7015393,3.39453125,223.1484375
1756244337.7029383,3.39453125,223.1484375
1756244338.703548,3.39453125,223.1484375
1756244339.7045546,3.39453125,223.1484375
1756244340.7055566,3.39453125,223.1484375
1756244341.7065496,3.39453125,223.1484375
1756244342.7075806,3.39453125,223.1484375
1756244343.7086105,3.39453125,223.1484375
1756244344.7095582,3.39453125,223.1484375
1756244345.710527,3.39453125,223.1484375
1756244346.711518,3.39453125,223.1484375
1756244347.7125247,3.39453125,223.1484375
1756244348.7135568,3.39453125,223.1484375
1756244349.7145574,3.39453125,223.1484375
1756244350.7155175,3.39453125,223.1484375
1756244351.7166119,3.39453125,223.1484375
1756244352.71757,3.39453125,223.1484375
1756244353.719496,3.39453125,223.1484375
1756244354.7205553,3.39453125,223.1484375
1756244355.7216055,3.39453125,223.1484375
1756244356.722607,3.39453125,223.1484375
1756244357.7235503,3.39453125,223.1484375
1756244358.7246058,3.39453125,223.1484375
1756244359.7255898,3.39453125,223.1484375
1756244360.7265675,3.39453125,223.1484375
1756244361.727577,3.39453125,223.1484375
1756244362.72852,3.39453125,223.1484375
1756244363.7295234,3.39453125,223.1484375
1756244364.73055,3.39453125,223.1484375
1756244365.7315087,3.39453125,223.1484375
1756244366.7325017,3.39453125,223.1484375
1756244367.733533,3.39453125,223.1484375
1756244368.7345524,3.39453125,223.1484375
1756244369.7355237,3.39453125,223.1484375
1756244370.7365787,3.39453125,223.1484375
1756244371.7375143,3.39453125,223.1484375
1756244372.7386384,3.39453125,223.1484375
1756244373.739545,3.39453125,223.1484375
1756244374.7405279,3.39453125,223.1484375
1756244375.7416604,3.39453125,223.1484375
1756244376.7425284,3.39453125,223.1484375
1756244377.7438347,3.39453125,223.1484375
1756244378.7446632,3.39453125,223.1484375
1756244379.7455156,3.39453125,223.1484375
1756244380.7465482,3.39453125,223.1484375
1756244381.7475576,3.39453125,223.1484375
1756244382.7485335,3.39453125,223.1484375
1756244383.749735,3.39453125,223.1484375
1756244384.750533,3.39453125,223.1484375
1756244385.7515256,3.39453125,223.1484375
1756244386.752648,3.39453125,223.1484375
1756244387.7535691,3.39453125,223.1484375
1756244388.7545202,3.39453125,223.1484375
1756244389.7555597,3.39453125,223.1484375
1756244390.7565048,3.39453125,223.1484375
1756244391.7575493,3.39453125,223.1484375
1756244392.7585154,3.39453125,223.1484375
1756244393.7595143,3.39453125,223.1484375
1756244394.7605546,3.39453125,223.1484375
1756244395.7615478,3.39453125,223.1484375
1756244396.7625792,3.39453125,223.1484375
1756244397.763551,3.39453125,223.1484375
1756244398.7645588,3.39453125,223.1484375
1756244399.7656581,3.39453125,223.1484375
1756244400.7666469,3.39453125,223.1484375
1756244401.7675378,3.39453125,223.1484375
1756244402.7685447,3.39453125,223.1484375
1756244403.7695405,3.39453125,223.1484375
1756244404.7705317,3.39453125,223.1484375
1756244405.7715242,3.39453125,223.1484375
1756244406.772552,3.39453125,223.1484375
1756244407.773515,3.39453125,223.1484375
1756244408.7746003,3.39453125,223.1484375
1756244409.7755313,3.39453125,223.1484375
1756244410.7765434,3.39453125,223.1484375
1756244411.77753,3.39453125,223.1484375
1756244412.77856,3.39453125,223.1484375
1756244413.7798574,3.39453125,223.1484375
1756244414.7805314,3.39453125,223.1484375
1756244415.7815924,3.39453125,223.1484375
1756244416.7825813,3.39453125,223.1484375
1756244417.7837787,3.39453125,223.1484375
1756244418.7847683,3.39453125,223.1484375
1756244419.785538,3.39453125,223.1484375
1756244420.7865303,3.39453125,223.1484375
1756244421.7875776,3.39453125,223.1484375
1756244422.7885365,3.39453125,223.1484375
1756244423.7898326,3.39453125,223.1484375
1756244424.7905746,3.39453125,223.1484375
1756244425.7915897,3.39453125,223.1484375
1756244426.7925396,3.39453125,223.1484375
1756244427.7935824,3.39453125,223.1484375
1756244428.7945766,3.39453125,223.1484375
1756244429.7955432,3.39453125,223.1484375
1756244430.7965605,3.39453125,223.1484375
1756244431.7975316,3.39453125,223.1484375
1756244432.7985563,3.39453125,223.1484375
1756244433.799752,3.39453125,223.1484375
1756244434.8005257,3.39453125,223.1484375
1756244435.8015335,3.39453125,223.1484375
1756244436.8025517,3.39453125,223.1484375
1756244437.803545,3.39453125,223.1484375
1756244438.8045464,3.39453125,223.1484375
1756244439.805539,3.39453125,223.1484375
1756244440.8065605,3.39453125,223.1484375
1756244441.807527,3.39453125,223.1484375
1756244442.8086247,3.39453125,223.1484375
1756244443.8095887,3.39453125,223.1484375
1756244444.8105261,3.39453125,223.1484375
1756244445.8115966,3.39453125,223.1484375
1756244446.812546,3.39453125,223.1484375
1756244447.813564,3.39453125,223.1484375
1756244448.814583,3.39453125,223.1484375
1756244449.815558,3.39453125,223.1484375
1756244450.8165545,3.39453125,223.1484375
1756244451.8175302,3.39453125,223.1484375
1756244452.8186398,3.39453125,223.1484375
1756244453.8201873,3.39453125,223.1484375
1756244454.8205724,3.39453125,223.1484375
1756244455.8215427,3.39453125,223.1484375
1756244456.8225527,3.39453125,223.1484375
1756244457.8235989,3.39453125,223.1484375
1756244458.8246634,3.39453125,223.1484375
1756244459.8257227,3.39453125,223.1484375
1756244460.8265402,3.39453125,223.1484375
1756244461.8275504,3.39453125,223.1484375
1756244462.8285575,3.39453125,223.1484375
1756244463.8295147,3.39453125,223.1484375
1756244464.8305268,3.39453125,223.1484375
1756244465.8316495,3.39453125,223.1484375
1756244466.8325224,3.39453125,223.1484375
1756244467.8343694,3.39453125,223.1484375
1756244468.8355448,3.39453125,223.1484375
1756244469.836584,3.39453125,223.1484375
1756244470.8375604,3.39453125,223.1484375
1756244471.8385434,3.39453125,223.1484375
1756244472.8395276,3.39453125,223.1484375
1756244473.8405714,3.39453125,223.1484375
1756244474.841565,3.39453125,223.1484375
1756244475.8426118,3.39453125,223.1484375
1756244476.8435197,3.39453125,223.1484375
1756244477.844525,3.39453125,223.1484375
1756244478.845528,3.39453125,223.1484375
1756244479.8465376,3.39453125,223.1484375
1756244480.8475275,3.39453125,223.1484375
1756244481.8485985,3.39453125,223.1484375
1756244482.8495276,3.39453125,223.1484375
1756244483.8505762,3.39453125,223.1484375
1756244484.8515332,3.39453125,223.1484375
1756244485.8525527,3.39453125,223.1484375
1756244486.8535352,3.39453125,223.1484375
1756244487.8545258,3.39453125,223.1484375
1756244488.8555155,3.39453125,223.1484375
1756244489.8566265,3.39453125,223.1484375
1756244490.857547,3.39453125,223.1484375
1756244491.85855,3.39453125,223.1484375
1756244492.8595476,3.39453125,223.1484375
1756244493.860614,3.39453125,223.1484375
1756244494.861961,3.39453125,223.1484375
1756244495.8626096,3.39453125,223.1484375
1756244496.8636987,3.39453125,223.1484375
1756244497.8645802,3.39453125,223.1484375
1756244498.8656945,3.39453125,223.1484375
1756244499.866678,3.39453125,223.1484375
1756244500.8714826,3.39453125,223.1484375
1756244501.8726728,3.39453125,223.1484375
1756244502.8748178,3.39453125,223.1484375
1756244503.8758192,3.39453125,223.1484375
1756244504.8766665,3.39453125,223.1484375
1756244505.878125,3.39453125,223.1484375
1756244506.8799217,3.39453125,223.1484375
1756244507.8807814,3.39453125,223.1484375
1756244508.8817146,3.39453125,223.1484375
1756244509.8835437,3.39453125,223.1484375
1756244510.8862026,3.39453125,223.1484375
1756244511.886651,3.39453125,223.1484375
1756244512.887954,3.39453125,223.1484375
1756244513.8886967,3.39453125,223.1484375
1756244514.8896654,3.39453125,223.1484375
1756244515.890631,3.39453125,223.1484375
1756244516.8916483,3.39453125,223.1484375
1756244517.8926518,3.39453125,223.1484375
1756244518.893604,3.39453125,223.1484375
1756244519.8947732,3.39453125,223.1484375
1756244520.8957343,3.39453125,223.1484375
1756244521.8976152,3.39453125,223.1484375
1756244522.8986797,3.39453125,223.1484375
1756244523.8996964,3.39453125,223.1484375
1756244524.9006422,3.39453125,223.1484375
1756244525.9016721,3.39453125,223.1484375
1756244526.9035447,3.39453125,223.1484375
1756244527.9046323,3.39453125,223.1484375
1756244528.906517,3.39453125,223.1484375
1756244529.9075558,3.39453125,223.1484375
1756244530.9086385,3.39453125,223.1484375
1756244531.9096565,3.39453125,223.1484375
1756244532.9106534,3.39453125,223.1484375
1756244533.9146836,3.39453125,223.1484375
1756244534.9157264,3.39453125,223.1484375
1756244535.9167209,3.39453125,223.1484375
1756244536.9187393,3.39453125,223.1484375
1756244537.9195778,3.39453125,223.1484375
1756244538.920609,3.39453125,223.1484375
1756244539.9216535,3.39453125,223.1484375
1756244540.9226635,3.39453125,223.1484375
1756244541.9236305,3.39453125,223.1484375
1756244542.9246657,3.39453125,223.1484375
1756244543.925625,3.39453125,223.1484375
1756244544.9265807,3.39453125,223.1484375
1756244545.927583,3.39453125,223.1484375
1756244546.9285781,3.39453125,223.1484375
1756244547.9295917,3.39453125,223.1484375
1756244548.9305618,3.39453125,223.1484375
1756244549.9316618,3.39453125,223.1484375
1756244550.9325945,3.39453125,223.1484375
1756244551.9335938,3.39453125,223.1484375
1756244552.9345827,3.39453125,223.1484375
1756244553.9355748,3.39453125,223.1484375
1756244554.9365747,3.39453125,223.1484375
1756244555.9376023,3.39453125,223.1484375
1756244556.9385753,3.39453125,223.1484375
1756244557.9396107,3.39453125,223.1484375
1756244558.9406195,3.39453125,223.1484375
1756244559.941579,3.39453125,223.1484375
1756244560.9428928,3.39453125,223.1484375
1756244561.9435716,3.39453125,223.1484375
1756244562.944646,3.39453125,223.1484375
1756244563.9455912,3.39453125,223.1484375
1756244564.9465954,3.39453125,223.1484375
1756244565.9475992,3.39453125,223.1484375
1756244566.9491239,3.39453125,223.1484375
1756244567.9496098,3.39453125,223.1484375
1756244568.950749,3.39453125,223.1484375
1756244569.9521275,3.39453125,223.1484375
1756244570.9526913,3.39453125,223.1484375
1756244571.9535894,3.39453125,223.1484375
1756244572.9546566,3.39453125,223.1484375
1756244573.9556131,3.39453125,223.1484375
1756244574.9568474,3.39453125,223.1484375
1756244575.9578278,3.39453125,223.1484375
1756244576.9590564,3.39453125,223.1484375
1756244577.9596028,3.39453125,223.1484375
1756244578.9611878,3.39453125,223.1484375
1756244579.961668,3.39453125,223.1484375
1756244580.9630725,3.39453125,223.1484375
1756244581.9636452,3.39453125,223.1484375
1756244582.9656315,3.39453125,223.1484375
1756244583.9666662,3.39453125,223.1484375
1756244584.967677,3.39453125,223.1484375
1756244585.9685686,3.39453125,223.1484375
1756244586.969738,3.39453125,223.1484375
1756244587.97067,3.39453125,223.1484375
1756244588.9717329,3.39453125,223.1484375
1756244589.9725788,3.39453125,223.1484375
1756244590.9735904,3.39453125,223.1484375
1756244591.974617,3.39453125,223.1484375
1756244592.9755552,3.39453125,223.1484375
1756244593.9765913,3.39453125,223.1484375
1756244594.977579,3.39453125,223.1484375
1756244595.9786117,3.39453125,223.1484375
1756244596.9795852,3.39453125,223.1484375
1756244597.9805913,3.39453125,223.1484375
1756244598.9816568,3.39453125,223.1484375
1756244599.9825797,3.39453125,223.1484375
1756244600.9836066,3.39453125,223.1484375
1756244601.984576,3.39453125,223.1484375
1756244602.9856393,3.39453125,223.1484375
1756244603.9867613,3.39453125,223.1484375
1756244604.9876008,3.39453125,223.1484375
1756244605.988606,3.39453125,223.1484375
1756244606.989623,3.39453125,223.1484375
1756244607.9905832,3.39453125,223.1484375
1756244608.9926922,3.39453125,223.1484375
1756244609.993654,3.39453125,223.1484375
1756244610.9949305,3.39453125,223.1484375
1756244611.9966688,3.39453125,223.1484375
1756244612.9976568,3.39453125,223.1484375
1756244613.9986413,3.39453125,223.1484375
1756244614.9996119,3.39453125,223.1484375
1756244616.0006866,3.39453125,223.1484375
1756244617.0016825,3.39453125,223.1484375
1756244618.00281,3.39453125,223.1484375
1756244619.0035436,3.39453125,223.1484375
1756244620.004565,3.39453125,223.1484375
